order_date,order_id,customer_id,order_value,product,region
2026-01-03,DEMO-001,C001,42.50,Tea,London
2026-01-04,DEMO-002,C002,28.00,Coffee,Manchester
2026-01-11,DEMO-003,C003,61.25,Tea,London
2026-02-02,DEMO-004,C001,35.00,Tea,London
2026-02-05,DEMO-005,C004,48.75,Coffee,Manchester
2026-02-15,DEMO-006,C002,24.50,Coffee,Bristol
2026-03-01,DEMO-007,C005,80.00,Biscuits,London
2026-03-08,DEMO-008,C003,19.99,Tea,Bristol
2026-03-15,DEMO-009,C006,47.50,Biscuits,Manchester
2026-04-03,DEMO-010,C001,52.00,Tea,London
2026-04-10,DEMO-011,C007,33.30,Coffee,Manchester
2026-05-01,DEMO-012,C004,55.00,Biscuits,Bristol
